"DateTime","ENLESS_B_TEMP","ENLESS_B_HUMI","ENLESS_H_TEMP","ENLESS_H_HUMI","ENLESS_G_TEMP","ENLESS_G_HUMI","THIB","THIH","THIG"
2018-05-30 11:00:00,NA,NA,NA,NA,NA,NA,NA,NA,NA
2018-05-30 12:00:00,20.8033333333333,81.5166666666667,NA,NA,NA,NA,68.2624505555556,NA,NA
2018-05-30 13:00:00,20.9416666666667,81.025,NA,NA,NA,NA,68.45371875,NA,NA
2018-05-30 14:00:00,21.5866666666667,80.2716666666667,NA,NA,NA,NA,69.4381904444444,NA,NA
2018-05-30 15:00:00,21.35,79.9883333333333,NA,NA,NA,NA,69.0391891666667,NA,NA
2018-05-30 16:00:00,22.0066666666667,78.655,NA,NA,NA,NA,69.988357,NA,NA
2018-05-30 17:00:00,22.7666666666667,77.635,NA,NA,NA,NA,71.108795,NA,NA
2018-05-30 18:00:00,22.5583333333333,77.8683333333333,NA,NA,NA,NA,70.7994248611111,NA,NA
2018-05-30 19:00:00,23.225,75.12,NA,NA,NA,NA,71.60934,NA,NA
2018-05-30 20:00:00,22.8216666666667,77.3266666666667,NA,NA,NA,NA,71.1695274444444,NA,NA
2018-05-30 21:00:00,21.44,80.9,NA,NA,NA,NA,69.24736,NA,NA
2018-05-30 22:00:00,20.09,84.9816666666667,NA,NA,NA,NA,67.3074568333333,NA,NA
2018-05-30 23:00:00,18.7733333333333,87.23,NA,NA,NA,NA,65.2335253333333,NA,NA
2018-05-31 00:00:00,17.27,90.3816666666667,NA,NA,NA,NA,62.8099538333333,NA,NA
2018-05-31 01:00:00,16.3166666666667,92.655,NA,NA,NA,NA,61.2292208333333,NA,NA
2018-05-31 02:00:00,15.8283333333333,94.305,NA,NA,NA,NA,60.4096564166667,NA,NA
2018-05-31 03:00:00,16.1033333333333,94.2183333333333,NA,NA,NA,NA,60.8875189444444,NA,NA
2018-05-31 04:00:00,14.8266666666667,94.7133333333333,NA,NA,NA,NA,58.6654435555556,NA,NA
2018-05-31 05:00:00,14.475,95.9816666666667,NA,NA,NA,NA,58.05198625,NA,NA
2018-05-31 06:00:00,14.8316666666667,96.0133333333333,NA,NA,NA,NA,58.6797908888889,NA,NA
2018-05-31 07:00:00,15.3733333333333,95.82,NA,NA,NA,NA,59.6313146666667,NA,NA
2018-05-31 08:00:00,15.6533333333333,96.085,NA,NA,NA,NA,60.126932,NA,NA
2018-05-31 09:00:00,NA,NA,NA,NA,NA,NA,NA,NA,NA
2018-05-31 10:00:00,16.82,95.645,NA,NA,NA,NA,62.170609,NA,NA
2018-05-31 11:00:00,18.425,92.9283333333333,NA,NA,NA,NA,64.8803654166667,NA,NA
2018-05-31 12:00:00,20.4266666666667,86.35,NA,NA,NA,NA,67.94536,NA,NA
2018-05-31 13:00:00,20.1933333333333,86.28,NA,NA,NA,NA,67.5531546666667,NA,NA
2018-05-31 14:00:00,20.615,88.9683333333333,NA,NA,NA,NA,68.4213819166667,NA,NA
2018-05-31 15:00:00,20.7266666666667,89.48,NA,NA,NA,NA,68.6424346666667,NA,NA
2018-05-31 16:00:00,22.125,84.645,NA,NA,NA,NA,70.63882625,NA,NA
2018-05-31 17:00:00,21.32,83.57,NA,NA,NA,NA,69.239044,NA,NA
2018-05-31 18:00:00,20.86,85.74,NA,NA,NA,NA,68.626804,NA,NA
2018-05-31 19:00:00,20.9066666666667,85.1216666666667,NA,NA,NA,NA,68.6639164444445,NA,NA
2018-05-31 20:00:00,20.02,86.3766666666667,NA,NA,NA,NA,67.2703686666667,NA,NA
2018-05-31 21:00:00,19.1466666666667,87.975,NA,NA,NA,NA,65.8932133333333,NA,NA
2018-05-31 22:00:00,18.825,89.3483333333333,NA,NA,NA,NA,65.41366375,NA,NA
2018-05-31 23:00:00,18.65,89.5083333333333,NA,NA,NA,NA,65.1241041666667,NA,NA
2018-06-01 00:00:00,18.2883333333333,89.71,NA,NA,NA,NA,64.5188905,NA,NA
2018-06-01 01:00:00,18.03,90.68,NA,NA,NA,NA,64.115684,NA,NA
2018-06-01 02:00:00,18.055,90.5433333333333,NA,NA,NA,NA,64.1533588333333,NA,NA
2018-06-01 03:00:00,16.99,91.4383333333333,NA,NA,NA,NA,62.3602528333333,NA,NA
2018-06-01 04:00:00,16.445,92.3833333333333,NA,NA,NA,NA,61.4452391666667,NA,NA
2018-06-01 05:00:00,16.365,92.2066666666667,NA,NA,NA,NA,61.303861,NA,NA
2018-06-01 06:00:00,16.635,91.8983333333333,NA,NA,NA,NA,61.76192775,NA,NA
2018-06-01 07:00:00,17.335,91.6283333333333,NA,NA,NA,NA,62.9572915833333,NA,NA
2018-06-01 08:00:00,17.9716666666667,88.59,NA,NA,NA,NA,63.9414728333333,NA,NA
2018-06-01 09:00:00,19.4566666666667,84.6916666666667,NA,NA,NA,NA,66.2479086111111,NA,NA
2018-06-01 10:00:00,20.5466666666667,81.1083333333333,NA,NA,NA,NA,67.8227922222222,NA,NA
2018-06-01 11:00:00,21.0566666666667,79.3766666666667,NA,NA,NA,NA,68.5291734444444,NA,NA
2018-06-01 12:00:00,21.125,80.825,NA,NA,NA,NA,68.73548125,NA,NA
2018-06-01 13:00:00,21.4466666666667,80.66,NA,NA,NA,NA,69.2411746666667,NA,NA
2018-06-01 14:00:00,22.6283333333333,75.085,NA,NA,NA,NA,70.68091075,NA,NA
2018-06-01 15:00:00,24.1033333333333,71.01,NA,NA,NA,NA,72.5730036666667,NA,NA
2018-06-01 16:00:00,24.7166666666667,68.23,NA,NA,NA,NA,73.212395,NA,NA
2018-06-01 17:00:00,24.2,69.0616666666667,NA,NA,NA,NA,72.5280433333333,NA,NA
2018-06-01 18:00:00,23.9983333333333,68.855,NA,NA,NA,NA,72.2075990833333,NA,NA
2018-06-01 19:00:00,24.2833333333333,70.1916666666667,NA,NA,NA,NA,72.7639430555556,NA,NA
2018-06-01 20:00:00,23.865,72.2133333333333,NA,NA,NA,NA,72.326992,NA,NA
2018-06-01 21:00:00,22.4666666666667,75.995,NA,NA,NA,NA,70.5035966666667,NA,NA
2018-06-01 22:00:00,21.125,80.6133333333333,NA,NA,NA,NA,68.7212466666667,NA,NA
2018-06-01 23:00:00,20.075,83.82,NA,NA,NA,NA,67.216785,NA,NA
2018-06-02 00:00:00,19.1166666666667,85.7466666666667,NA,NA,NA,NA,65.7377177777778,NA,NA
2018-06-02 01:00:00,18.045,86.6483333333333,NA,NA,NA,NA,63.99433175,NA,NA
2018-06-02 02:00:00,17.4833333333333,88.2483333333333,NA,NA,NA,NA,63.1076569444444,NA,NA
2018-06-02 03:00:00,16.6333333333333,88.725,NA,NA,NA,NA,61.6881916666667,NA,NA
2018-06-02 04:00:00,16.635,87.3316666666667,NA,NA,NA,NA,61.65986275,NA,NA
2018-06-02 05:00:00,16.2683333333333,87.0983333333333,NA,NA,NA,NA,61.0419538611111,NA,NA
2018-06-02 06:00:00,16.11,87.3783333333333,NA,NA,NA,NA,60.7821695,NA,NA
2018-06-02 07:00:00,16.9383333333333,85.03,NA,NA,NA,NA,62.1090115,NA,NA
2018-06-02 08:00:00,17.1983333333333,86.3266666666667,NA,NA,NA,NA,62.5743745555556,NA,NA
2018-06-02 09:00:00,19.0316666666667,83.5783333333333,NA,NA,NA,NA,65.4964031388889,NA,NA
2018-06-02 10:00:00,21.085,81.3533333333333,NA,NA,NA,NA,68.7064703333333,NA,NA
2018-06-02 11:00:00,22.75,75.5016666666667,NA,NA,NA,NA,70.9043891666667,NA,NA
2018-06-02 12:00:00,24.3216666666667,69.2933333333333,NA,NA,NA,NA,72.7323868888889,NA,NA
2018-06-02 13:00:00,25.6233333333333,64.1116666666667,NA,NA,NA,NA,74.0941327222222,NA,NA
2018-06-02 14:00:00,26.29,63.415,NA,NA,NA,NA,74.9720435,NA,NA
2018-06-02 15:00:00,26.63,59.635,NA,NA,NA,NA,74.9973605,NA,NA
2018-06-02 16:00:00,27.055,61.6183333333333,NA,NA,NA,NA,75.8418000833333,NA,NA
2018-06-02 17:00:00,26.31,60.295,NA,NA,NA,NA,74.6291345,NA,NA
2018-06-02 18:00:00,26.7683333333333,62.72,NA,NA,NA,NA,75.5720853333333,NA,NA
2018-06-02 19:00:00,25.6866666666667,65.1966666666667,NA,NA,NA,NA,74.3078637777778,NA,NA
2018-06-02 20:00:00,24.26,71.1683333333333,NA,NA,NA,NA,72.8251976666667,NA,NA
2018-06-02 21:00:00,23.4766666666667,73.91,NA,NA,NA,NA,71.8898976666667,NA,NA
2018-06-02 22:00:00,22.6783333333333,75.6766666666667,NA,NA,NA,NA,70.8074333888889,NA,NA
2018-06-02 23:00:00,21.51,79.3483333333333,NA,NA,NA,NA,69.2496665,NA,NA
2018-06-03 00:00:00,20.885,81.64,NA,NA,NA,NA,68.402354,NA,NA
2018-06-03 01:00:00,20.0866666666667,82.7033333333333,NA,NA,NA,NA,67.1723962222222,NA,NA
2018-06-03 02:00:00,19.19,82.6666666666667,NA,NA,NA,NA,65.7117333333333,NA,NA
2018-06-03 03:00:00,18.7666666666667,83.1783333333333,NA,NA,NA,NA,65.0454538888889,NA,NA
2018-06-03 04:00:00,17.455,86.6983333333333,NA,NA,NA,NA,63.0126340833333,NA,NA
2018-06-03 05:00:00,16.6833333333333,88.69,NA,NA,NA,NA,61.771755,NA,NA
2018-06-03 06:00:00,16.0666666666667,90.5766666666667,NA,NA,NA,NA,60.7629444444444,NA,NA
2018-06-03 07:00:00,17.3416666666667,88.035,NA,NA,NA,NA,62.8630295833333,NA,NA
2018-06-03 08:00:00,18.9516666666667,85.4866666666667,NA,NA,NA,NA,65.4524014444444,NA,NA
2018-06-03 09:00:00,21.09,80.8466666666667,NA,NA,NA,NA,68.680642,NA,NA
2018-06-03 10:00:00,22.5683333333333,77.415,NA,NA,NA,NA,70.7781819166667,NA,NA
2018-06-03 11:00:00,24.4133333333333,73.3266666666667,NA,NA,NA,NA,73.2731102222222,NA,NA
2018-06-03 12:00:00,25.7283333333333,68.3716666666667,NA,NA,NA,NA,74.7280369722222,NA,NA
2018-06-03 13:00:00,26.4716666666667,62.5916666666667,NA,NA,NA,NA,75.1331906944445,NA,NA
2018-06-03 14:00:00,26.9966666666667,61.2833333333333,NA,NA,NA,NA,75.7169905555556,NA,NA
2018-06-03 15:00:00,27.04,60.48,NA,NA,NA,NA,75.676672,NA,NA
2018-06-03 16:00:00,26.985,59.5066666666667,NA,NA,NA,NA,75.476914,NA,NA
2018-06-03 17:00:00,25.7966666666667,62.84,NA,NA,NA,NA,74.1989986666667,NA,NA
2018-06-03 18:00:00,NA,NA,NA,NA,NA,NA,NA,NA,NA
2018-06-03 19:00:00,18.8083333333333,90.3366666666667,NA,NA,NA,NA,65.4290080555556,NA,NA
2018-06-03 20:00:00,19.735,90.45,NA,NA,NA,NA,67.0135075,NA,NA
2018-06-03 21:00:00,20.11,90.115,NA,NA,NA,NA,67.6335665,NA,NA
2018-06-03 22:00:00,19.24,91.115,NA,NA,NA,NA,66.201966,NA,NA
2018-06-03 23:00:00,18.8066666666667,91.0083333333333,NA,NA,NA,NA,65.4557672222222,NA,NA
2018-06-04 00:00:00,18.17,92.635,NA,NA,NA,NA,64.4283395,NA,NA
2018-06-04 01:00:00,18.285,93.405,NA,NA,NA,NA,64.65678425,NA,NA
2018-06-04 02:00:00,17.9816666666667,93.66,NA,NA,NA,NA,64.1399223333333,NA,NA
2018-06-04 03:00:00,17.2316666666667,94.5666666666667,NA,NA,NA,NA,62.8631461111111,NA,NA
2018-06-04 04:00:00,17.0233333333333,94.9,NA,NA,NA,NA,62.50821,NA,NA
2018-06-04 05:00:00,17.435,94.4383333333333,NA,NA,NA,NA,63.2142034166667,NA,NA
2018-06-04 06:00:00,17.4666666666667,94.9116666666667,NA,NA,NA,NA,63.2839577777778,NA,NA
2018-06-04 07:00:00,17.6383333333333,94.8833333333333,NA,NA,NA,NA,63.5833052777778,NA,NA
2018-06-04 08:00:00,17.765,95.395,NA,NA,NA,NA,63.82204175,NA,NA
2018-06-04 09:00:00,18.42,94.7283333333333,NA,NA,NA,NA,64.944079,NA,NA
2018-06-04 10:00:00,18.9366666666667,94.1683333333333,NA,NA,NA,NA,65.8214367222222,NA,NA
2018-06-04 11:00:00,18.9916666666667,94.7083333333333,NA,NA,NA,NA,65.9420243055555,NA,NA
2018-06-04 12:00:00,19.5233333333333,93.095,NA,NA,NA,NA,66.7882338333333,NA,NA
2018-06-04 13:00:00,21.4983333333333,89.71,NA,NA,NA,NA,69.9665815,NA,NA
2018-06-04 14:00:00,23.7,82.8716666666667,NA,NA,NA,NA,73.067065,NA,NA
2018-06-04 15:00:00,24.4933333333333,77.6,NA,NA,NA,NA,73.8270933333333,NA,NA
2018-06-04 16:00:00,26.0283333333333,72.98,NA,NA,NA,NA,75.7090243333333,NA,NA
2018-06-04 17:00:00,26.905,69.9,NA,NA,NA,NA,76.664995,NA,NA
2018-06-04 18:00:00,22.9533333333333,82.0433333333333,NA,NA,NA,NA,71.7801064444444,NA,NA
2018-06-04 19:00:00,21.105,90.785,NA,NA,NA,NA,69.37113425,NA,NA
2018-06-04 20:00:00,20.5016666666667,91.3616666666667,NA,NA,NA,NA,68.3759176944444,NA,NA
2018-06-04 21:00:00,20.54,91.5733333333333,NA,NA,NA,NA,68.4546026666667,NA,NA
2018-06-04 22:00:00,20.0816666666667,92.9616666666667,NA,NA,NA,NA,67.7471053611111,NA,NA
2018-06-04 23:00:00,19.98,93.2283333333333,NA,NA,NA,NA,67.586141,NA,NA
2018-06-05 00:00:00,19.34,93.7816666666667,NA,NA,NA,NA,66.5048143333333,NA,NA
2018-06-05 01:00:00,19.1166666666667,94.635,NA,NA,NA,NA,66.1569508333333,NA,NA
2018-06-05 02:00:00,19.1266666666667,94.5316666666667,NA,NA,NA,NA,66.1695301111111,NA,NA
2018-06-05 03:00:00,18.7216666666667,94.8683333333333,NA,NA,NA,NA,65.4772264722222,NA,NA
2018-06-05 04:00:00,18.6633333333333,95.0483333333333,NA,NA,NA,NA,65.3828939444444,NA,NA
2018-06-05 05:00:00,18.3533333333333,95.7383333333333,NA,NA,NA,NA,64.8675221111111,NA,NA
2018-06-05 06:00:00,18.5366666666667,95.6416666666667,NA,NA,NA,NA,65.1857102777778,NA,NA
2018-06-05 07:00:00,18.85,95.355,NA,NA,NA,NA,65.7232975,NA,NA
2018-06-05 08:00:00,19.3366666666667,94.56,NA,NA,NA,NA,66.5374453333333,NA,NA
2018-06-05 09:00:00,19.4166666666667,94.7983333333333,NA,NA,NA,NA,66.6890497222222,NA,NA
2018-06-05 10:00:00,19.835,93.89,NA,NA,NA,NA,67.3709215,NA,NA
2018-06-05 11:00:00,20.1183333333333,92.465,NA,NA,NA,NA,67.7821235833333,NA,NA
2018-06-05 12:00:00,20.6233333333333,90.76,NA,NA,NA,NA,68.546964,NA,NA
2018-06-05 13:00:00,21.725,87.42,NA,NA,NA,NA,70.183515,NA,NA
2018-06-05 14:00:00,22.86,83.34,NA,NA,NA,NA,71.738564,NA,NA
2018-06-05 15:00:00,23.2,80.765,NA,NA,NA,NA,72.06732,NA,NA
2018-06-05 16:00:00,23.7116666666667,79.3466666666667,NA,NA,NA,NA,72.7578304444444,NA,NA
2018-06-05 17:00:00,22.015,86.1483333333333,NA,NA,NA,NA,70.5721955833333,NA,NA
2018-06-05 18:00:00,21.605,89.8233333333333,NA,NA,NA,NA,70.1557711666667,NA,NA
2018-06-05 19:00:00,22.055,87.515,NA,NA,NA,NA,70.74327325,NA,NA
2018-06-05 20:00:00,21.7616666666667,87.905,NA,NA,NA,NA,70.2806064166667,NA,NA
2018-06-05 21:00:00,21.41,88.425,NA,NA,NA,NA,69.7265925,NA,NA
2018-06-05 22:00:00,20.8616666666667,89.765,NA,NA,NA,NA,68.8896484166667,NA,NA
2018-06-05 23:00:00,19.815,90.4616666666667,NA,NA,NA,NA,67.15049925,NA,NA
2018-06-06 00:00:00,18.6266666666667,91.5716666666667,NA,NA,NA,NA,65.1717624444444,NA,NA
2018-06-06 01:00:00,18.29,91.29,NA,NA,NA,NA,64.583181,NA,NA
2018-06-06 02:00:00,18.2,91.3283333333333,NA,NA,NA,NA,64.4304766666667,NA,NA
2018-06-06 03:00:00,17.5,91.7466666666667,NA,NA,NA,NA,63.2441466666667,NA,NA
2018-06-06 04:00:00,16.945,91.4483333333333,NA,NA,NA,NA,62.2833600833333,NA,NA
2018-06-06 05:00:00,16.4683333333333,91.93,NA,NA,NA,NA,61.4760855,NA,NA
2018-06-06 06:00:00,16.6083333333333,92.5966666666667,NA,NA,NA,NA,61.7315097222222,NA,NA
2018-06-06 07:00:00,16.55,92.7016666666667,NA,NA,NA,NA,61.6330858333333,NA,NA
2018-06-06 08:00:00,16.3766666666667,92.6916666666667,NA,NA,NA,NA,61.3335386111111,NA,NA
2018-06-06 09:00:00,17.1633333333333,91.285,NA,NA,NA,NA,62.6531755,NA,NA
2018-06-06 10:00:00,17.7466666666667,90.1633333333333,NA,NA,NA,NA,63.6147995555555,NA,NA
2018-06-06 11:00:00,17.5033333333333,91.36,NA,NA,NA,NA,63.237872,NA,NA
2018-06-06 12:00:00,17.45,92.0116666666667,NA,NA,NA,NA,63.1663558333333,NA,NA
2018-06-06 13:00:00,17.4833333333333,91.5416666666667,NA,NA,NA,NA,63.2092013888889,NA,NA
2018-06-06 14:00:00,17.8383333333333,90.95,NA,NA,NA,NA,63.7978308333333,NA,NA
2018-06-06 15:00:00,17.865,91.6833333333333,NA,NA,NA,NA,63.8688275,NA,NA
2018-06-06 16:00:00,18.445,91.3466666666667,NA,NA,NA,NA,64.8509726666667,NA,NA
2018-06-06 17:00:00,18.6516666666667,90.6716666666667,NA,NA,NA,NA,65.1763903611111,NA,NA
2018-06-06 18:00:00,18.7983333333333,90.58,NA,NA,NA,NA,65.422677,NA,NA
2018-06-06 19:00:00,18.465,90.9333333333333,NA,NA,NA,NA,64.86844,NA,NA
2018-06-06 20:00:00,18.11,91.445,NA,NA,NA,NA,64.2806095,NA,NA
2018-06-06 21:00:00,18.0016666666667,92.8266666666667,NA,NA,NA,NA,64.1446404444444,NA,NA
2018-06-06 22:00:00,18.0016666666667,92.67,NA,NA,NA,NA,64.1389978333333,NA,NA
2018-06-06 23:00:00,17.7583333333333,92.78,NA,NA,NA,NA,63.7225283333333,NA,NA
2018-06-07 00:00:00,17.415,93.5633333333333,NA,NA,NA,NA,63.1529345,NA,NA
2018-06-07 01:00:00,17.1916666666667,94.2,NA,NA,NA,NA,62.7830833333333,NA,NA
2018-06-07 02:00:00,16.9366666666667,95.04,NA,NA,NA,NA,62.3601813333333,NA,NA
2018-06-07 03:00:00,16.8733333333333,95.5933333333333,NA,NA,NA,NA,62.2630084444444,NA,NA
2018-06-07 04:00:00,16.4366666666667,96.165,NA,NA,NA,NA,61.5078938333333,NA,NA
2018-06-07 05:00:00,16.2016666666667,96.8683333333333,NA,NA,NA,NA,61.1065778055556,NA,NA
2018-06-07 06:00:00,16.755,96.38,NA,NA,NA,NA,62.073749,NA,NA
2018-06-07 07:00:00,17.2816666666667,95.5266666666667,NA,NA,NA,NA,62.9780934444444,NA,NA
2018-06-07 08:00:00,17.5766666666667,94.8383333333333,NA,NA,NA,NA,63.4740310555556,NA,NA
2018-06-07 09:00:00,18.3016666666667,93.52,NA,NA,NA,NA,64.690172,NA,NA
2018-06-07 10:00:00,19.345,91.7266666666667,NA,NA,NA,NA,66.4118836666667,NA,NA
2018-06-07 11:00:00,20.4033333333333,88.59,NA,NA,NA,NA,68.0410196666667,NA,NA
2018-06-07 12:00:00,20.33,90.285,NA,NA,NA,NA,68.0179005,NA,NA
2018-06-07 13:00:00,21.55,87.12,NA,NA,NA,NA,69.86908,NA,NA
2018-06-07 14:00:00,20.6816666666667,88.0883333333333,NA,NA,NA,NA,68.4787488055556,NA,NA
2018-06-07 15:00:00,21.3433333333333,85.995,NA,NA,NA,NA,69.4455861666667,NA,NA
2018-06-07 16:00:00,22.54,82.0783333333333,NA,NA,NA,NA,71.1131763333333,NA,NA
2018-06-07 17:00:00,22.34,86.565,NA,NA,NA,NA,71.145261,NA,NA
2018-06-07 18:00:00,22.47,85.4483333333333,NA,NA,NA,NA,71.2716805,NA,NA
2018-06-07 19:00:00,23.1883333333333,81.4733333333333,NA,NA,NA,NA,72.1108147777778,NA,NA
2018-06-07 20:00:00,23.0283333333333,80.3683333333333,NA,NA,NA,NA,71.7571143611111,NA,NA
2018-06-07 21:00:00,21.765,83.9083333333333,NA,NA,NA,NA,69.99184875,NA,NA
2018-06-07 22:00:00,20.2316666666667,88.3133333333333,NA,NA,NA,NA,67.7354725555556,NA,NA
2018-06-07 23:00:00,18.4816666666667,90.7033333333333,NA,NA,NA,NA,64.8875410555555,NA,NA
2018-06-08 00:00:00,17.6,92.8216666666667,NA,NA,NA,NA,63.4502933333333,NA,NA
2018-06-08 01:00:00,16.975,93.5933333333333,NA,NA,NA,NA,62.3900283333333,NA,NA
2018-06-08 02:00:00,16.4616666666667,94.2816666666667,NA,NA,NA,NA,61.5131070277778,NA,NA
2018-06-08 03:00:00,16,95.0183333333333,NA,NA,NA,NA,60.7202933333333,NA,NA
2018-06-08 04:00:00,15.6883333333333,96.3383333333333,NA,NA,NA,NA,60.1918255277778,NA,NA
2018-06-08 05:00:00,15.86,95.865,NA,NA,NA,NA,60.487629,NA,NA
2018-06-08 06:00:00,15.515,96.2066666666667,NA,NA,NA,NA,59.8847043333333,NA,NA
2018-06-08 07:00:00,16.485,95.1733333333333,NA,NA,NA,NA,61.572364,NA,NA
2018-06-08 08:00:00,18.45,93.5733333333333,NA,NA,NA,NA,64.94972,NA,NA
2018-06-08 09:00:00,20.7316666666667,90.3966666666667,NA,NA,NA,NA,68.7089489444444,NA,NA
2018-06-08 10:00:00,23.0716666666667,82.1533333333333,NA,NA,NA,NA,71.9813965555556,NA,NA
2018-06-08 11:00:00,24.47,73.915,NA,NA,NA,NA,73.4192405,NA,NA
2018-06-08 12:00:00,25.1666666666667,70.27,NA,NA,NA,NA,74.09907,NA,NA
2018-06-08 13:00:00,25.74,68.565,NA,NA,NA,NA,74.767271,NA,NA
2018-06-08 14:00:00,26.0866666666667,68.2033333333333,NA,NA,NA,NA,75.2400295555556,NA,NA
2018-06-08 15:00:00,26.2816666666667,65.98,NA,NA,NA,NA,75.264857,NA,NA
2018-06-08 16:00:00,26.1616666666667,64.935,NA,NA,NA,NA,74.9667715833333,NA,NA
2018-06-08 17:00:00,25.4866666666667,67.6333333333333,NA,NA,NA,NA,74.2876155555556,NA,NA
2018-06-08 18:00:00,25.235,69.1933333333333,NA,NA,NA,NA,74.0850976666667,NA,NA
2018-06-08 19:00:00,24.7166666666667,73.1866666666667,NA,NA,NA,NA,73.7237577777778,NA,NA
2018-06-08 20:00:00,24.6633333333333,78.7216666666667,NA,NA,NA,NA,74.2101337222222,NA,NA
2018-06-08 21:00:00,24.1483333333333,82.5466666666667,NA,NA,NA,NA,73.7655908888889,NA,NA
2018-06-08 22:00:00,23.1016666666667,86.2516666666667,NA,NA,NA,NA,72.3866658611111,NA,NA
2018-06-08 23:00:00,21.54,86.2933333333333,NA,NA,NA,NA,69.793344,NA,NA
2018-06-09 00:00:00,20.2466666666667,88.785,NA,NA,NA,NA,67.7882963333333,NA,NA
2018-06-09 01:00:00,20.1933333333333,90.22,NA,NA,NA,NA,67.781412,NA,NA
2018-06-09 02:00:00,19.9583333333333,91.5983333333333,NA,NA,NA,NA,67.4580073611111,NA,NA
2018-06-09 03:00:00,19.7883333333333,92.6216666666667,NA,NA,NA,NA,67.2214308055556,NA,NA
2018-06-09 04:00:00,19.515,93.025,NA,NA,NA,NA,66.77022875,NA,NA
2018-06-09 05:00:00,19.0633333333333,93.84,NA,NA,NA,NA,66.0267386666667,NA,NA
2018-06-09 06:00:00,18.97,94.0966666666667,NA,NA,NA,NA,65.8762176666667,NA,NA
2018-06-09 07:00:00,19.4366666666667,93.885,NA,NA,NA,NA,66.6780078333333,NA,NA
2018-06-09 08:00:00,20.8983333333333,91.6433333333333,NA,NA,NA,NA,69.0739559444444,NA,NA
2018-06-09 09:00:00,22.7083333333333,86.5916666666667,NA,NA,NA,NA,71.7609909722222,NA,NA
2018-06-09 10:00:00,24.355,83.9016666666667,NA,NA,NA,NA,74.2364109166667,NA,NA
2018-06-09 11:00:00,25.53,81.3566666666667,NA,NA,NA,NA,75.878997,NA,NA
2018-06-09 12:00:00,25.1766666666667,82.3733333333333,NA,NA,NA,NA,75.4184328888889,NA,NA
2018-06-09 13:00:00,25.4083333333333,81.065,NA,NA,NA,NA,75.6505720833333,NA,NA
2018-06-09 14:00:00,24.7416666666667,82.2683333333333,NA,NA,NA,NA,74.7012501388889,NA,NA
2018-06-09 15:00:00,20.3416666666667,91.0783333333333,NA,NA,NA,NA,68.0849043055556,NA,NA
2018-06-09 16:00:00,20.16,92.3116666666667,NA,NA,NA,NA,67.845152,NA,NA
2018-06-09 17:00:00,22.45,82.18,NA,NA,NA,NA,70.97549,NA,NA
2018-06-09 18:00:00,25.4233333333333,77.435,NA,NA,NA,NA,75.2745848333333,NA,NA
2018-06-09 19:00:00,25.8183333333333,76.8833333333333,NA,NA,NA,NA,75.8334619444445,NA,NA
2018-06-09 20:00:00,25.7816666666667,76.365,NA,NA,NA,NA,75.7169430833333,NA,NA
2018-06-09 21:00:00,24.34,77.4266666666667,NA,NA,NA,NA,73.5682106666667,NA,NA
2018-06-09 22:00:00,22.3016666666667,86.6183333333333,NA,NA,NA,NA,71.0856253055556,NA,NA
2018-06-09 23:00:00,20.83,90.3,NA,NA,NA,NA,68.87029,NA,NA
2018-06-10 00:00:00,19.9883333333333,92.34,NA,NA,NA,NA,67.5509336666667,NA,NA
2018-06-10 01:00:00,19.4516666666667,92.89,NA,NA,NA,NA,66.6538265,NA,NA
2018-06-10 02:00:00,18.815,93.18,NA,NA,NA,NA,65.565897,NA,NA
2018-06-10 03:00:00,18.1716666666667,95.0716666666667,NA,NA,NA,NA,64.5231196944444,NA,NA
2018-06-10 04:00:00,17.5916666666667,95.935,NA,NA,NA,NA,63.53525875,NA,NA
2018-06-10 05:00:00,17.3266666666667,96.6833333333333,NA,NA,NA,NA,63.0909322222222,NA,NA
2018-06-10 06:00:00,17.3566666666667,96.9383333333333,NA,NA,NA,NA,63.1514767222222,NA,NA
2018-06-10 07:00:00,17.7616666666667,96.765,NA,NA,NA,NA,63.8622500833333,NA,NA
2018-06-10 08:00:00,18.3016666666667,96.4966666666667,NA,NA,NA,NA,64.8063116111111,NA,NA
2018-06-10 09:00:00,18.8316666666667,96.425,NA,NA,NA,NA,65.7385679166667,NA,NA
2018-06-10 10:00:00,19.6016666666667,95.335,NA,NA,NA,NA,67.04034225,NA,NA
2018-06-10 11:00:00,20.245,94.845,NA,NA,NA,NA,68.13969025,NA,NA
2018-06-10 12:00:00,21.3683333333333,91.0566666666667,NA,NA,NA,NA,69.8397987222222,NA,NA
2018-06-10 13:00:00,22.6583333333333,86.8066666666667,NA,NA,NA,NA,71.6954505555556,NA,NA
2018-06-10 14:00:00,NA,NA,NA,NA,NA,NA,NA,NA,NA
2018-06-10 15:00:00,24.115,80.0333333333333,NA,NA,NA,NA,73.4672383333333,NA,NA
2018-06-10 16:00:00,22.3966666666667,87.2316666666667,NA,NA,NA,NA,71.2929589444445,NA,NA
2018-06-10 17:00:00,23.445,82.0983333333333,NA,NA,NA,NA,72.58179425,NA,NA
2018-06-10 18:00:00,23.2616666666667,82.5466666666667,NA,NA,NA,NA,72.3243437777778,NA,NA
2018-06-10 19:00:00,21.9466666666667,89.83,NA,NA,NA,NA,70.736504,NA,NA
2018-06-10 20:00:00,20.7416666666667,93.9616666666667,NA,NA,NA,NA,68.9520690277778,NA,NA
2018-06-10 21:00:00,21.2466666666667,95.1016666666667,NA,NA,NA,NA,69.9086274444444,NA,NA
2018-06-10 22:00:00,21.3066666666667,94.2783333333333,NA,NA,NA,NA,69.9568235555556,NA,NA
2018-06-10 23:00:00,20.265,95.245,NA,NA,NA,NA,68.19811925,NA,NA
2018-06-11 00:00:00,19.9716666666667,95.1033333333333,NA,NA,NA,NA,67.6761740555555,NA,NA
2018-06-11 01:00:00,19.1266666666667,95.5716666666667,NA,NA,NA,NA,66.2186874444444,NA,NA
2018-06-11 02:00:00,18.465,95.7116666666667,NA,NA,NA,NA,65.06267925,NA,NA
2018-06-11 03:00:00,17.7366666666667,96.535,NA,NA,NA,NA,63.8103845,NA,NA
2018-06-11 04:00:00,17.78,96.6683333333333,NA,NA,NA,NA,63.8913896666667,NA,NA
2018-06-11 05:00:00,17.83,96.87,NA,NA,NA,NA,63.986641,NA,NA
2018-06-11 06:00:00,18.095,96.7683333333333,NA,NA,NA,NA,64.4515899166667,NA,NA
2018-06-11 07:00:00,18.505,96.745,NA,NA,NA,NA,65.17538225,NA,NA
2018-06-11 08:00:00,18.54,96.7433333333333,NA,NA,NA,NA,65.237174,NA,NA
2018-06-11 09:00:00,18.6183333333333,96.5566666666667,NA,NA,NA,NA,65.3677487222222,NA,NA
2018-06-11 10:00:00,18.6166666666667,96.2316666666667,NA,NA,NA,NA,65.3511019444445,NA,NA
2018-06-11 11:00:00,19.4083333333333,95.6516666666667,NA,NA,NA,NA,66.7172209722222,NA,NA
2018-06-11 12:00:00,19.6066666666667,95.27,NA,NA,NA,NA,67.0457246666667,NA,NA
2018-06-11 13:00:00,19.5533333333333,95.585,NA,NA,NA,NA,66.9684803333333,NA,NA
2018-06-11 14:00:00,19,96.05,NA,NA,NA,NA,66.0183,NA,NA
2018-06-11 15:00:00,18.7766666666667,96.4933333333333,NA,NA,NA,NA,65.6445248888889,NA,NA
2018-06-11 16:00:00,19.1333333333333,96.2333333333333,NA,NA,NA,NA,66.2617111111111,NA,NA
2018-06-11 17:00:00,17.84,96.7116666666667,NA,NA,NA,NA,63.9988813333333,NA,NA
2018-06-11 18:00:00,17.695,96.5083333333333,NA,NA,NA,NA,63.7359495833333,NA,NA
2018-06-11 19:00:00,17.4466666666667,97.0166666666667,NA,NA,NA,NA,63.3131077777778,NA,NA
2018-06-11 20:00:00,17.8916666666667,96.9083333333333,NA,NA,NA,NA,64.0970493055555,NA,NA
2018-06-11 21:00:00,18.565,96.7033333333333,NA,NA,NA,NA,65.2796938333333,NA,NA
2018-06-11 22:00:00,18.6983333333333,96.1766666666667,NA,NA,NA,NA,65.4926603888889,NA,NA
2018-06-11 23:00:00,17.72,96.4166666666667,NA,NA,NA,NA,63.7770333333333,NA,NA
2018-06-12 00:00:00,17.2283333333333,97.1733333333333,NA,NA,NA,NA,62.9310524444444,NA,NA
2018-06-12 01:00:00,17.1,97.8983333333333,NA,NA,NA,NA,62.723255,NA,NA
2018-06-12 02:00:00,16.7916666666667,97.9266666666667,NA,NA,NA,NA,62.1754127777778,NA,NA
2018-06-12 03:00:00,16.6266666666667,98.0483333333333,NA,NA,NA,NA,61.8845428888889,NA,NA
2018-06-12 04:00:00,16.42,98.515,NA,NA,NA,NA,61.526003,NA,NA
2018-06-12 05:00:00,16.9333333333333,98.3316666666667,NA,NA,NA,NA,62.4377355555556,NA,NA
2018-06-12 06:00:00,16.82,98.49,NA,NA,NA,NA,62.239458,NA,NA
2018-06-12 07:00:00,17.0466666666667,98.0633333333333,NA,NA,NA,NA,62.6327428888889,NA,NA
2018-06-12 08:00:00,17.1416666666667,97.2333333333333,NA,NA,NA,NA,62.7791472222222,NA,NA
2018-06-12 09:00:00,17.4983333333333,96.42,NA,NA,NA,NA,63.3860796666667,NA,NA
2018-06-12 10:00:00,17.8633333333333,95.9283333333333,NA,NA,NA,NA,64.0129846111111,NA,NA
2018-06-12 11:00:00,17.6816666666667,95.9533333333333,NA,NA,NA,NA,63.6942018888889,NA,NA
2018-06-12 12:00:00,18.1933333333333,94.7316666666667,NA,NA,NA,NA,64.5481545555556,NA,NA
2018-06-12 13:00:00,19.415,91.3116666666667,NA,NA,NA,NA,66.5112800833333,NA,NA
2018-06-12 14:00:00,20.78,83.71,NA,NA,NA,NA,68.364698,NA,NA
2018-06-12 15:00:00,21.3883333333333,78.9166666666667,NA,NA,NA,NA,69.0256263888889,NA,NA
2018-06-12 16:00:00,22.3616666666667,76.6033333333333,NA,NA,NA,NA,70.3882353888889,NA,NA
2018-06-12 17:00:00,22.965,75.455,NA,NA,NA,NA,71.23472075,NA,NA
2018-06-12 18:00:00,23.345,72.9016666666667,NA,NA,NA,NA,71.5970540833333,NA,NA
2018-06-12 19:00:00,22.785,74.5716666666667,NA,NA,NA,NA,70.88083425,NA,NA
2018-06-12 20:00:00,21.4633333333333,78.5266666666667,NA,NA,NA,NA,69.1172668888889,NA,NA
2018-06-12 21:00:00,19.6966666666667,82.8183333333333,NA,NA,NA,NA,66.5439443888889,NA,NA
2018-06-12 22:00:00,18.5516666666667,85.515,NA,NA,NA,NA,64.7916310833333,NA,NA
2018-06-12 23:00:00,17.5616666666667,88.8016666666667,NA,NA,NA,NA,63.2569460277778,NA,NA
2018-06-13 00:00:00,16.9816666666667,90.57,NA,NA,NA,NA,62.3235488333333,NA,NA
2018-06-13 01:00:00,16.0116666666667,91.2383333333333,NA,NA,NA,NA,60.6797911388889,NA,NA
2018-06-13 02:00:00,15.6783333333333,91.6966666666667,NA,NA,NA,NA,60.1148557222222,NA,NA
2018-06-13 03:00:00,15.0116666666667,92.9233333333333,NA,NA,NA,NA,58.9777143888889,NA,NA
2018-06-13 04:00:00,14.555,93.8716666666667,NA,NA,NA,NA,58.1895010833333,NA,NA
2018-06-13 05:00:00,14.1983333333333,95.5216666666667,NA,NA,NA,NA,57.5660313055556,NA,NA
2018-06-13 06:00:00,14.2316666666667,94.5233333333333,NA,NA,NA,NA,57.6262190555556,NA,NA
2018-06-13 07:00:00,14.505,95.2933333333333,NA,NA,NA,NA,58.104058,NA,NA
2018-06-13 08:00:00,15.2483333333333,94.8116666666667,NA,NA,NA,NA,59.4029856388889,NA,NA
2018-06-13 09:00:00,16.315,91.255,NA,NA,NA,NA,61.19953325,NA,NA
2018-06-13 10:00:00,18.445,81.1916666666667,NA,NA,NA,NA,64.4402029166667,NA,NA
2018-06-13 11:00:00,20.335,73.8516666666667,NA,NA,NA,NA,67.0510964166667,NA,NA
2018-06-13 12:00:00,21.61,70.8183333333333,NA,NA,NA,NA,68.7940018333333,NA,NA
2018-06-13 13:00:00,22.9683333333333,67.3783333333333,NA,NA,NA,NA,70.5478668611111,NA,NA
2018-06-13 14:00:00,22.82,66.58,NA,NA,NA,NA,70.262036,NA,NA
2018-06-13 15:00:00,23.5116666666667,65.0033333333333,NA,NA,NA,NA,71.1322203888889,NA,NA
2018-06-13 16:00:00,25.1033333333333,61.8316666666667,NA,NA,NA,NA,73.1007160555556,NA,NA
2018-06-13 17:00:00,25.1133333333333,61.44,NA,NA,NA,NA,73.0729386666667,NA,NA
2018-06-13 18:00:00,25.135,63.5716666666667,NA,NA,NA,NA,73.3324184166667,NA,NA
2018-06-13 19:00:00,24.5733333333333,66.7,NA,NA,NA,NA,72.84428,NA,NA
2018-06-13 20:00:00,22.8566666666667,74.7566666666667,NA,NA,NA,NA,71.0072554444444,NA,NA
2018-06-13 21:00:00,20.8766666666667,78.05,NA,NA,NA,NA,68.1563716666667,NA,NA
2018-06-13 22:00:00,19.8883333333333,83.2766666666667,NA,NA,NA,NA,66.8811677222222,NA,NA
2018-06-13 23:00:00,18.905,85.4766666666667,NA,NA,NA,NA,65.3747238333333,NA,NA
2018-06-14 00:00:00,18.1016666666667,87.8266666666667,NA,NA,NA,NA,64.1323837777778,NA,NA
2018-06-14 01:00:00,17.1583333333333,90.1133333333333,NA,NA,NA,NA,62.6122927777778,NA,NA
2018-06-14 02:00:00,16.3666666666667,91.6366666666667,NA,NA,NA,NA,61.2955211111111,NA,NA
2018-06-14 03:00:00,15.765,92.8516666666667,NA,NA,NA,NA,60.27942525,NA,NA
2018-06-14 04:00:00,15.5783333333333,93.2333333333333,NA,NA,NA,NA,59.9612661111111,NA,NA
2018-06-14 05:00:00,15.69,92.5916666666667,NA,NA,NA,NA,60.1464325,NA,NA
2018-06-14 06:00:00,15.3066666666667,91.94,NA,NA,NA,NA,59.4789226666667,NA,NA
2018-06-14 07:00:00,15.25,91.745,NA,NA,NA,NA,59.3798325,NA,NA
2018-06-14 08:00:00,15.6433333333333,91.005,NA,NA,NA,NA,60.0461621666667,NA,NA
2018-06-14 09:00:00,17.3816666666667,88.57,NA,NA,NA,NA,62.9461955,NA,NA
2018-06-14 10:00:00,19.73,82.7983333333333,NA,NA,NA,NA,66.5971511666667,NA,NA
2018-06-14 11:00:00,20.955,79.165,NA,NA,NA,NA,68.35326575,NA,NA
2018-06-14 12:00:00,22.1516666666667,75.5883333333333,NA,NA,NA,NA,69.9806889722222,NA,NA
2018-06-14 13:00:00,21.1916666666667,77.7383333333333,NA,NA,NA,NA,68.6330618055556,NA,NA
2018-06-14 14:00:00,21.0366666666667,80.685,NA,NA,NA,NA,68.5841278333333,NA,NA
2018-06-14 15:00:00,20.7366666666667,84.6266666666667,NA,NA,NA,NA,68.3518431111111,NA,NA
2018-06-14 16:00:00,20.7783333333333,86.5783333333333,NA,NA,NA,NA,68.5449213611111,NA,NA
2018-06-14 17:00:00,20.6183333333333,88.0366666666667,NA,NA,NA,NA,68.3690800555556,NA,NA
2018-06-14 18:00:00,20.8116666666667,89.2266666666667,NA,NA,NA,NA,68.7702497777778,NA,NA
2018-06-14 19:00:00,21.2133333333333,88.4666666666667,NA,NA,NA,NA,69.3981955555556,NA,NA
2018-06-14 20:00:00,21.0083333333333,88.4183333333333,NA,NA,NA,NA,69.0496448611111,NA,NA
2018-06-14 21:00:00,20.6633333333333,88.76,NA,NA,NA,NA,68.4900013333333,NA,NA
2018-06-14 22:00:00,19.3866666666667,90.1733333333333,NA,NA,NA,NA,66.4059768888889,NA,NA
2018-06-14 23:00:00,18.1133333333333,88.3,NA,NA,NA,NA,64.16954,NA,NA
2018-06-15 00:00:00,17.3933333333333,86.875,NA,NA,NA,NA,62.915125,NA,NA
2018-06-15 01:00:00,16.335,87.0933333333333,NA,NA,NA,NA,61.153256,NA,NA
2018-06-15 02:00:00,15.7416666666667,87.9983333333333,NA,NA,NA,NA,60.1739776388889,NA,NA
2018-06-15 03:00:00,15.2766666666667,88.935,NA,NA,NA,NA,59.4009968333333,NA,NA
2018-06-15 04:00:00,15.4333333333333,88.8583333333333,NA,NA,NA,NA,59.6648694444444,NA,NA
2018-06-15 05:00:00,15.1833333333333,88.9516666666667,NA,NA,NA,NA,59.2434547222222,NA,NA
2018-06-15 06:00:00,15.17,89.725,NA,NA,NA,NA,59.2268825,NA,NA
2018-06-15 07:00:00,15.6183333333333,88.9066666666667,NA,NA,NA,NA,59.9778462222222,NA,NA
2018-06-15 08:00:00,16.0966666666667,87.55,NA,NA,NA,NA,60.762765,NA,NA
2018-06-15 09:00:00,17.1433333333333,84.0783333333333,NA,NA,NA,NA,62.4212156111111,NA,NA
2018-06-15 10:00:00,18.8733333333333,78.675,NA,NA,NA,NA,65.0180616666667,NA,NA
2018-06-15 11:00:00,19.8616666666667,72.7966666666667,NA,NA,NA,NA,66.2652446111111,NA,NA
2018-06-15 12:00:00,21.0916666666667,67.3266666666667,NA,NA,NA,NA,67.7786094444444,NA,NA
2018-06-15 13:00:00,22.015,65.7433333333333,NA,NA,NA,NA,69.0183548333333,NA,NA
2018-06-15 14:00:00,23.345,59.9016666666667,NA,NA,NA,NA,70.4342040833333,NA,NA
2018-06-15 15:00:00,22.95,61.1516666666667,NA,NA,NA,NA,69.9884675,NA,NA
2018-06-15 16:00:00,22.5266666666667,62.2183333333333,NA,NA,NA,NA,69.4776098888889,NA,NA
2018-06-15 17:00:00,22.8533333333333,61.86,NA,NA,NA,NA,69.9118986666667,NA,NA
2018-06-15 18:00:00,22.42,63.9333333333333,NA,NA,NA,NA,69.4634533333333,NA,NA
2018-06-15 19:00:00,21.8616666666667,63.98,NA,NA,NA,NA,68.6633076666667,NA,NA
2018-06-15 20:00:00,20.9766666666667,66.915,NA,NA,NA,NA,67.5821098333333,NA,NA
2018-06-15 21:00:00,19.9583333333333,70.8016666666667,NA,NA,NA,NA,66.3020593055556,NA,NA
2018-06-15 22:00:00,18.145,79.085,NA,NA,NA,NA,63.87773325,NA,NA
2018-06-15 23:00:00,16.9166666666667,84.1316666666667,NA,NA,NA,NA,62.0506469444444,NA,NA
2018-06-16 00:00:00,16.025,85.2083333333333,NA,NA,NA,NA,60.6046354166667,NA,NA
2018-06-16 01:00:00,14.795,85.8283333333333,NA,NA,NA,NA,58.5750219166667,NA,NA
2018-06-16 02:00:00,14.2316666666667,88.655,NA,NA,NA,NA,57.6360974166667,NA,NA
2018-06-16 03:00:00,13.8383333333333,89.86,NA,NA,NA,NA,56.965953,NA,NA
2018-06-16 04:00:00,13.11,92.14,NA,NA,NA,NA,55.699394,NA,NA
2018-06-16 05:00:00,13.4483333333333,90.845,NA,NA,NA,NA,56.2941250833333,NA,NA
2018-06-16 06:00:00,13.49,92.5316666666667,NA,NA,NA,NA,56.3499618333333,NA,NA
2018-06-16 07:00:00,14.2383333333333,91.725,NA,NA,NA,NA,57.6423779166667,NA,NA
2018-06-16 08:00:00,15.335,88.3116666666667,NA,NA,NA,NA,59.4937140833333,NA,NA
2018-06-16 09:00:00,16.7866666666667,83.7983333333333,NA,NA,NA,NA,61.8293202222222,NA,NA
2018-06-16 10:00:00,19.0966666666667,76.985,NA,NA,NA,NA,65.2930621666667,NA,NA
2018-06-16 11:00:00,21.1016666666667,68.2016666666667,NA,NA,NA,NA,67.8519816944444,NA,NA
2018-06-16 12:00:00,21.085,71.12,NA,NA,NA,NA,68.022372,NA,NA
2018-06-16 13:00:00,22.07,67.2033333333333,NA,NA,NA,NA,69.2104956666667,NA,NA
2018-06-16 14:00:00,23.3716666666667,64.4916666666667,NA,NA,NA,NA,70.8833106944444,NA,NA
2018-06-16 15:00:00,23.1666666666667,65.3183333333333,NA,NA,NA,NA,70.6595738888889,NA,NA
2018-06-16 16:00:00,23.2433333333333,64.83,NA,NA,NA,NA,70.7277996666667,NA,NA
2018-06-16 17:00:00,22.7683333333333,68.3233333333333,NA,NA,NA,NA,70.3321909444444,NA,NA
2018-06-16 18:00:00,22.7583333333333,69.8866666666667,NA,NA,NA,NA,70.4480272222222,NA,NA
2018-06-16 19:00:00,22.2683333333333,72.4983333333333,NA,NA,NA,NA,69.9190771944444,NA,NA
2018-06-16 20:00:00,21.0866666666667,75.3566666666667,NA,NA,NA,NA,68.3081824444444,NA,NA
2018-06-16 21:00:00,19.9366666666667,81.3683333333333,NA,NA,NA,NA,66.8544267222222,NA,NA
2018-06-16 22:00:00,19.2083333333333,84.78,NA,NA,NA,NA,65.8431716666667,NA,NA
2018-06-16 23:00:00,18.325,87.3883333333333,NA,NA,NA,NA,64.4899920833333,NA,NA
2018-06-17 00:00:00,17.45,89.6633333333333,NA,NA,NA,NA,63.0947316666667,NA,NA
2018-06-17 01:00:00,16.6633333333333,90.9616666666667,NA,NA,NA,NA,61.7894323888889,NA,NA
2018-06-17 02:00:00,16.7333333333333,91.9883333333333,NA,NA,NA,NA,61.9330611111111,NA,NA
2018-06-17 03:00:00,16.7,90.175,NA,NA,NA,NA,61.834025,NA,NA
2018-06-17 04:00:00,16.1933333333333,90.035,NA,NA,NA,NA,60.9692943333333,NA,NA
2018-06-17 05:00:00,15.7166666666667,90.0433333333333,NA,NA,NA,NA,60.1589038888889,NA,NA
2018-06-17 06:00:00,15.44,90.34,NA,NA,NA,NA,59.691536,NA,NA
2018-06-17 07:00:00,15.9383333333333,87.7283333333333,NA,NA,NA,NA,60.5002208611111,NA,NA
2018-06-17 08:00:00,16.6166666666667,83.1033333333333,NA,NA,NA,NA,61.5354572222222,NA,NA
2018-06-17 09:00:00,17.5666666666667,77.9533333333333,NA,NA,NA,NA,62.9218555555556,NA,NA
2018-06-17 10:00:00,19.035,70.2883333333333,NA,NA,NA,NA,64.88586425,NA,NA
2018-06-17 11:00:00,20.2766666666667,67.4466666666667,NA,NA,NA,NA,66.5849491111111,NA,NA
2018-06-17 12:00:00,21.6583333333333,68.195,NA,NA,NA,NA,68.6764870833333,NA,NA
2018-06-17 13:00:00,22.4816666666667,66.4016666666667,NA,NA,NA,NA,69.7516946944444,NA,NA
2018-06-17 14:00:00,23.56,63.8766666666667,NA,NA,NA,NA,71.0991026666667,NA,NA
2018-06-17 15:00:00,23.9266666666667,65.03,NA,NA,NA,NA,71.7365246666667,NA,NA
2018-06-17 16:00:00,22.585,67.2733333333333,NA,NA,NA,NA,69.9743223333333,NA,NA
2018-06-17 17:00:00,21.4533333333333,71.7283333333333,NA,NA,NA,NA,68.6219051111111,NA,NA
2018-06-17 18:00:00,21.0666666666667,74.2116666666667,NA,NA,NA,NA,68.2007777777778,NA,NA
2018-06-17 19:00:00,20.3983333333333,77.91,NA,NA,NA,NA,67.3919681666667,NA,NA
2018-06-17 20:00:00,19.67,83.9033333333333,NA,NA,NA,NA,66.5577056666667,NA,NA
2018-06-17 21:00:00,18.7733333333333,90.0083333333333,NA,NA,NA,NA,65.3550311111111,NA,NA
2018-06-17 22:00:00,18.9116666666667,92.2116666666667,NA,NA,NA,NA,65.6896163611111,NA,NA
2018-06-17 23:00:00,18.6566666666667,92.7983333333333,NA,NA,NA,NA,65.2754490555556,NA,NA
2018-06-18 00:00:00,18.4816666666667,94.33,NA,NA,NA,NA,65.0355695,NA,NA
2018-06-18 01:00:00,18.3883333333333,94.79,NA,NA,NA,NA,64.8912078333333,NA,NA
2018-06-18 02:00:00,18.6716666666667,94.5066666666667,NA,NA,NA,NA,65.3743431111111,NA,NA
2018-06-18 03:00:00,18.7183333333333,93.8183333333333,NA,NA,NA,NA,65.4260550277778,NA,NA
2018-06-18 04:00:00,18.6066666666667,94.3333333333333,NA,NA,NA,NA,65.2536222222222,NA,NA
2018-06-18 05:00:00,18.2766666666667,94.8916666666667,NA,NA,NA,NA,64.6999669444444,NA,NA
2018-06-18 06:00:00,17.665,95.3266666666667,NA,NA,NA,NA,63.6444156666667,NA,NA
2018-06-18 07:00:00,17.8016666666667,93.315,NA,NA,NA,NA,63.8155985833333,NA,NA
2018-06-18 08:00:00,18.5866666666667,90.8266666666667,NA,NA,NA,NA,65.0719431111111,NA,NA
2018-06-18 09:00:00,19.6066666666667,90.1866666666667,NA,NA,NA,NA,66.7810524444444,NA,NA
2018-06-18 10:00:00,20.3316666666667,85.325,NA,NA,NA,NA,67.7265279166667,NA,NA
2018-06-18 11:00:00,19.9616666666667,85.6416666666667,NA,NA,NA,NA,67.1324373611111,NA,NA
2018-06-18 12:00:00,20.8583333333333,80.7116666666667,NA,NA,NA,NA,68.2992951388889,NA,NA
2018-06-18 13:00:00,21.4283333333333,75.64,NA,NA,NA,NA,68.858898,NA,NA
2018-06-18 14:00:00,22.2466666666667,70.9066666666667,NA,NA,NA,NA,69.7611431111111,NA,NA
2018-06-18 15:00:00,22.7383333333333,69.565,NA,NA,NA,NA,70.39122825,NA,NA
2018-06-18 16:00:00,24.185,66.81,NA,NA,NA,NA,72.2853585,NA,NA
2018-06-18 17:00:00,24.875,65.9666666666667,NA,NA,NA,NA,73.2100083333333,NA,NA
2018-06-18 18:00:00,26.2616666666667,65.19,NA,NA,NA,NA,75.1419538333333,NA,NA
2018-06-18 19:00:00,26.5966666666667,65.57,NA,NA,NA,NA,75.6746876666667,NA,NA
2018-06-18 20:00:00,25.6266666666667,69.85,NA,NA,NA,NA,74.74316,NA,NA
2018-06-18 21:00:00,23.68,76.6616666666667,NA,NA,NA,NA,72.4582026666667,NA,NA
2018-06-18 22:00:00,22.0766666666667,82.2483333333333,NA,NA,NA,NA,70.3752637222222,NA,NA
2018-06-18 23:00:00,20.6466666666667,86.7716666666667,NA,NA,NA,NA,68.3376701111111,NA,NA
2018-06-19 00:00:00,19.7266666666667,87.6016666666667,NA,NA,NA,NA,66.8475821111111,NA,NA
2018-06-19 01:00:00,18.785,90.4633333333333,NA,NA,NA,NA,65.3948171666667,NA,NA
2018-06-19 02:00:00,18.41,92.58,NA,NA,NA,NA,64.840458,NA,NA
2018-06-19 03:00:00,17.8583333333333,92.5683333333333,NA,NA,NA,NA,63.8879881944444,NA,NA
2018-06-19 04:00:00,16.3633333333333,95.8333333333333,NA,NA,NA,NA,61.3721944444444,NA,NA
2018-06-19 05:00:00,16.225,95.39,NA,NA,NA,NA,61.1208675,NA,NA
2018-06-19 06:00:00,15.41,97.4516666666667,NA,NA,NA,NA,59.7122618333333,NA,NA
2018-06-19 07:00:00,15.6,98.2066666666667,NA,NA,NA,NA,60.05848,NA,NA
2018-06-19 08:00:00,17.065,97.2866666666667,NA,NA,NA,NA,62.6446896666667,NA,NA
2018-06-19 09:00:00,18.0716666666667,96.035,NA,NA,NA,NA,64.3834184166667,NA,NA
2018-06-19 10:00:00,NA,NA,NA,NA,NA,NA,NA,NA,NA
2018-06-19 11:00:00,NA,NA,NA,NA,NA,NA,NA,NA,NA
2018-06-19 12:00:00,20.3666666666667,90.375,19.925,80.7416666666667,21.6116666666667,76.0366666666667,68.0857083333333,66.8009770833333,69.1728442777778
2018-06-19 13:00:00,20.9916666666667,87.7066666666667,19.7716666666667,81.7583333333333,21.77,76.5033333333333,68.9746644444444,66.6091184722222,69.4542956666667
2018-06-19 14:00:00,21.8066666666667,85.24,20.38,79.7216666666667,22.1216666666667,74.5766666666667,70.158776,67.4713556666667,69.8558949444444
2018-06-19 15:00:00,22.0066666666667,84.3683333333333,20.79,78.9083333333333,22.5933333333333,73.265,70.4229512222222,68.0742425,70.4775123333333
2018-06-19 16:00:00,22.3383333333333,83.3016666666667,21.115,78.1066666666667,23.025,72.295,70.8834306388889,68.5368626666667,71.05544375
2018-06-19 17:00:00,22.8383333333333,80.93,21.8133333333333,75.2783333333333,24.0483333333333,70.0883333333333,71.4998098333333,69.4313004444444,72.4010226944444
2018-06-19 18:00:00,23.4116666666667,79.1633333333333,22.1733333333333,74.28,24.185,69.8583333333333,72.2632690555556,69.9126986666667,72.5836379166667
2018-06-19 19:00:00,24.1033333333333,77.955,22.5016666666667,73.91,24.295,69.455,73.2469001666667,70.3892751666667,72.70857225
2018-06-19 20:00:00,23.5283333333333,79.7416666666667,22.03,75.25,23.2966666666667,71.6383333333333,72.5017518055556,69.765575,71.4107570555556
2018-06-19 21:00:00,22.2616666666667,85.16,20.625,79.7533333333333,22.055,76.2416666666667,70.9043286666667,67.864645,69.8802995833333
2018-06-19 22:00:00,21.265,88.275,18.825,85.6433333333333,20.7133333333333,80.4283333333333,69.47207875,65.2497175,68.0483754444444
2018-06-19 23:00:00,20.1433333333333,89.9416666666667,17.5066666666667,90.7383333333333,19.2416666666667,85.415,67.6803163888889,63.2242708888889,65.9288429166667
2018-06-20 00:00:00,18.7633333333333,92.1383333333333,16.4216666666667,94.2833333333333,18.1866666666667,88.1683333333333,65.4309692777778,61.4434280555556,64.2879742222222
2018-06-20 01:00:00,17.865,94.2966666666667,15.805,96.6366666666667,16.95,90.0283333333333,63.9593795,60.4017451666667,62.2557225
2018-06-20 02:00:00,17.0316666666667,96.21,15.2,97.6883333333333,16.0633333333333,92.0283333333333,62.5572598333333,59.3415066666667,60.7814046111111
2018-06-20 03:00:00,16.6533333333333,95.5933333333333,14.4216666666667,98.22,15.4233333333333,92.2283333333333,61.8767031111111,57.9586143333333,59.6824699444444
2018-06-20 04:00:00,16.395,96.0633333333333,14.5816666666667,99.15,15.0583333333333,93.6216666666667,61.4324635,58.2454558333333,59.0630093055556
2018-06-20 05:00:00,15.99,96.5716666666667,14.34,99.29,14.7,94.5066666666667,60.7274895,57.812426,58.44352